{"description":"Checking the rightside panel opened or not|Team Right panel functionality","passed":true,"pending":false,"os":"windows","sessionId":"f11fdbc595e2de4c3b8859d7c92598af","instanceId":26812,"browser":{"name":"chrome","version":"84.0.4147.125"},"message":"Passed.","trace":"","browserLogs":[{"level":"SEVERE","message":"https://mgmtservices.dev.zapoj.com/groupMembers/undefined/5f059fc208250019df4370b8 - Failed to load resource: the server responded with a status of 400 (Bad Request)","timestamp":1597327252928,"type":""},{"level":"SEVERE","message":"https://o20190828092008798-publicfiles.s3.amazonaws.com/userProfilePics/padbollu?1594700112008 - Failed to load resource: the server responded with a status of 403 (Forbidden)","timestamp":1597327252928,"type":""},{"level":"SEVERE","message":"https://o20190828092008798-publicfiles.s3.amazonaws.com/fileUploads/global/thumbnails/1594706405330CA1E2778-CD51-403B-833D-FC5D74A3E629.jpg - Failed to load resource: the server responded with a status of 403 (Forbidden)","timestamp":1597327252928,"type":""},{"level":"SEVERE","message":"https://o20190828092008798-publicfiles.s3.amazonaws.com/fileUploads/global/thumbnails/159470592772553D29439-0AC0-4BA4-874E-C72818EAF1F5.jpg - Failed to load resource: the server responded with a status of 403 (Forbidden)","timestamp":1597327252928,"type":""}],"screenShotFile":"images\\000d00f9-00db-00d8-004d-006e002f0016.png","timestamp":1597327242715,"duration":10208}
