{"description":"Upload file functionlaity of Share file Tab|Team Right panel functionality","passed":false,"pending":false,"os":"windows","sessionId":"f11fdbc595e2de4c3b8859d7c92598af","instanceId":26812,"browser":{"name":"chrome","version":"84.0.4147.125"},"message":["Failed: No element found using locator: By(css selector, input[placeholder=\"Upload file\"])"],"trace":["NoSuchElementError: No element found using locator: By(css selector, input[placeholder=\"Upload file\"])\n    at elementArrayFinder.getWebElements.then (C:\\Users\\venka\\AppData\\Roaming\\npm\\node_modules\\protractor\\built\\element.js:814:27)\n    at ManagedPromise.invokeCallback_ (C:\\Users\\venka\\AppData\\Roaming\\npm\\node_modules\\protractor\\node_modules\\selenium-webdriver\\lib\\promise.js:1376:14)\n    at TaskQueue.execute_ (C:\\Users\\venka\\AppData\\Roaming\\npm\\node_modules\\protractor\\node_modules\\selenium-webdriver\\lib\\promise.js:3084:14)\n    at TaskQueue.executeNext_ (C:\\Users\\venka\\AppData\\Roaming\\npm\\node_modules\\protractor\\node_modules\\selenium-webdriver\\lib\\promise.js:3067:27)\n    at asyncRun (C:\\Users\\venka\\AppData\\Roaming\\npm\\node_modules\\protractor\\node_modules\\selenium-webdriver\\lib\\promise.js:2927:27)\n    at C:\\Users\\venka\\AppData\\Roaming\\npm\\node_modules\\protractor\\node_modules\\selenium-webdriver\\lib\\promise.js:668:7\n    at process._tickCallback (internal/process/next_tick.js:68:7)Error\n    at ElementArrayFinder.applyAction_ (C:\\Users\\venka\\AppData\\Roaming\\npm\\node_modules\\protractor\\built\\element.js:459:27)\n    at ElementArrayFinder.(anonymous function).args [as sendKeys] (C:\\Users\\venka\\AppData\\Roaming\\npm\\node_modules\\protractor\\built\\element.js:91:29)\n    at ElementFinder.(anonymous function).args [as sendKeys] (C:\\Users\\venka\\AppData\\Roaming\\npm\\node_modules\\protractor\\built\\element.js:831:22)\n    at Grouprightpanle.uploadDocFile (E:\\Zapoj Automation Scripts\\Complexe code\\Tc.js:256:21)\n    at UserContext.<anonymous> (E:\\Zapoj Automation Scripts\\Actual code\\teamchat.js:82:19)\n    at C:\\Users\\venka\\AppData\\Roaming\\npm\\node_modules\\protractor\\node_modules\\jasminewd2\\index.js:112:25\n    at new ManagedPromise (C:\\Users\\venka\\AppData\\Roaming\\npm\\node_modules\\protractor\\node_modules\\selenium-webdriver\\lib\\promise.js:1077:7)\n    at ControlFlow.promise (C:\\Users\\venka\\AppData\\Roaming\\npm\\node_modules\\protractor\\node_modules\\selenium-webdriver\\lib\\promise.js:2505:12)\n    at schedulerExecute (C:\\Users\\venka\\AppData\\Roaming\\npm\\node_modules\\protractor\\node_modules\\jasminewd2\\index.js:95:18)\n    at TaskQueue.execute_ (C:\\Users\\venka\\AppData\\Roaming\\npm\\node_modules\\protractor\\node_modules\\selenium-webdriver\\lib\\promise.js:3084:14)\nFrom: Task: Run it(\"Upload file functionlaity of Share file Tab\") in control flow\n    at UserContext.<anonymous> (C:\\Users\\venka\\AppData\\Roaming\\npm\\node_modules\\protractor\\node_modules\\jasminewd2\\index.js:94:19)\n    at attempt (C:\\Users\\venka\\AppData\\Roaming\\npm\\node_modules\\protractor\\node_modules\\jasmine-core\\lib\\jasmine-core\\jasmine.js:4297:26)\n    at QueueRunner.run (C:\\Users\\venka\\AppData\\Roaming\\npm\\node_modules\\protractor\\node_modules\\jasmine-core\\lib\\jasmine-core\\jasmine.js:4217:20)\n    at runNext (C:\\Users\\venka\\AppData\\Roaming\\npm\\node_modules\\protractor\\node_modules\\jasmine-core\\lib\\jasmine-core\\jasmine.js:4257:20)\n    at C:\\Users\\venka\\AppData\\Roaming\\npm\\node_modules\\protractor\\node_modules\\jasmine-core\\lib\\jasmine-core\\jasmine.js:4264:13\n    at C:\\Users\\venka\\AppData\\Roaming\\npm\\node_modules\\protractor\\node_modules\\jasmine-core\\lib\\jasmine-core\\jasmine.js:4172:9\n    at C:\\Users\\venka\\AppData\\Roaming\\npm\\node_modules\\protractor\\node_modules\\jasminewd2\\index.js:64:48\n    at ControlFlow.emit (C:\\Users\\venka\\AppData\\Roaming\\npm\\node_modules\\protractor\\node_modules\\selenium-webdriver\\lib\\events.js:62:21)\n    at ControlFlow.shutdown_ (C:\\Users\\venka\\AppData\\Roaming\\npm\\node_modules\\protractor\\node_modules\\selenium-webdriver\\lib\\promise.js:2674:10)\n    at shutdownTask_.MicroTask (C:\\Users\\venka\\AppData\\Roaming\\npm\\node_modules\\protractor\\node_modules\\selenium-webdriver\\lib\\promise.js:2599:53)\nFrom asynchronous test: \nError\n    at Suite.<anonymous> (E:\\Zapoj Automation Scripts\\Actual code\\teamchat.js:80:9)\n    at addSpecsToSuite (C:\\Users\\venka\\AppData\\Roaming\\npm\\node_modules\\protractor\\node_modules\\jasmine-core\\lib\\jasmine-core\\jasmine.js:1107:25)\n    at Env.describe (C:\\Users\\venka\\AppData\\Roaming\\npm\\node_modules\\protractor\\node_modules\\jasmine-core\\lib\\jasmine-core\\jasmine.js:1074:7)\n    at describe (C:\\Users\\venka\\AppData\\Roaming\\npm\\node_modules\\protractor\\node_modules\\jasmine-core\\lib\\jasmine-core\\jasmine.js:4399:18)\n    at Object.<anonymous> (E:\\Zapoj Automation Scripts\\Actual code\\teamchat.js:9:1)\n    at Module._compile (internal/modules/cjs/loader.js:776:30)\n    at Object.Module._extensions..js (internal/modules/cjs/loader.js:787:10)\n    at Module.load (internal/modules/cjs/loader.js:653:32)\n    at tryModuleLoad (internal/modules/cjs/loader.js:593:12)"],"browserLogs":[],"screenShotFile":"images\\002800d6-0034-0031-0010-0060000d0074.png","timestamp":1597327290183,"duration":5053}
