{"description":"User login to the application|Team Right panel functionality","passed":true,"pending":false,"os":"windows","sessionId":"f11fdbc595e2de4c3b8859d7c92598af","instanceId":26812,"browser":{"name":"chrome","version":"84.0.4147.125"},"message":"Passed","browserLogs":[{"level":"SEVERE","message":"https://mgmtservices.dev.zapoj.com/userLocation - Failed to load resource: the server responded with a status of 403 (Forbidden)","timestamp":1597327209496,"type":""}],"screenShotFile":"images\\0082008a-0053-00b7-0083-0082006000e1.png","timestamp":1597327201296,"duration":30054}
