{"description":"In List of Topic Tab|Team Right panel functionality","passed":false,"pending":false,"os":"windows","sessionId":"f11fdbc595e2de4c3b8859d7c92598af","instanceId":26812,"browser":{"name":"chrome","version":"84.0.4147.125"},"message":["Expected '' to contain 12."],"trace":["Error: Failed expectation\n    at UserContext.<anonymous> (E:\\Zapoj Automation Scripts\\Actual code\\teamchat.js:76:43)\n    at C:\\Users\\venka\\AppData\\Roaming\\npm\\node_modules\\protractor\\node_modules\\jasminewd2\\index.js:112:25\n    at new ManagedPromise (C:\\Users\\venka\\AppData\\Roaming\\npm\\node_modules\\protractor\\node_modules\\selenium-webdriver\\lib\\promise.js:1077:7)\n    at ControlFlow.promise (C:\\Users\\venka\\AppData\\Roaming\\npm\\node_modules\\protractor\\node_modules\\selenium-webdriver\\lib\\promise.js:2505:12)\n    at schedulerExecute (C:\\Users\\venka\\AppData\\Roaming\\npm\\node_modules\\protractor\\node_modules\\jasminewd2\\index.js:95:18)\n    at TaskQueue.execute_ (C:\\Users\\venka\\AppData\\Roaming\\npm\\node_modules\\protractor\\node_modules\\selenium-webdriver\\lib\\promise.js:3084:14)\n    at TaskQueue.executeNext_ (C:\\Users\\venka\\AppData\\Roaming\\npm\\node_modules\\protractor\\node_modules\\selenium-webdriver\\lib\\promise.js:3067:27)\n    at asyncRun (C:\\Users\\venka\\AppData\\Roaming\\npm\\node_modules\\protractor\\node_modules\\selenium-webdriver\\lib\\promise.js:2974:25)\n    at C:\\Users\\venka\\AppData\\Roaming\\npm\\node_modules\\protractor\\node_modules\\selenium-webdriver\\lib\\promise.js:668:7"],"browserLogs":[],"screenShotFile":"images\\00a40084-00c6-00d9-00d1-009600f10006.png","timestamp":1597327279500,"duration":10227}
